review_id,ulasan,rating,tanggal,produk,varian
SHP75386226999,"Bahan:tdk tembus pandang
Desain:menarik
Tekstur:lembut

kaosnya sdh dtg, bahan melar, nyaman dan pas si ukuranku. Semua sesuai dg deskripsi.",5,2025-10-02,Produk-0964,"Mocca,XXL"
SHP76397811329,"Bahan:sangat halus dan nyaman
Desain:sederhana namun elegan
Tekstur:sangat lembut dan nyaman buat sehari hari",5,2025-10-14,Produk-0964,"Abu Tua,L"
SHP77035428493,"Bahan:bagus ngak tembus pandang
Desain:modern
Tekstur:sangat lembut

Bajux aku Sukak sekali...adem ngak bikin gerah",5,2025-10-20,Produk-0964,"Abu M61,M"
SHP77517372849,"Bahan:halus lembut nyaman
Desain:bagus menarik
Tekstur:halus

Alhamdulillah baju saya udah sampai dgn selamat dan amann... real pict sesuai yg di live pokoknya sukaa 🥰💖 Terimakasih seller 🙏🥰",5,2025-10-25,Produk-0964,"Mocca,M"
SHP77757768050,"Bahan:sejuk dan nyaman
Desain:modern
Tekstur:sangat lembut dan halus

Kaos wanita polos bagus bgt modelnya trus bawahnya oval lg jahitan rapih bahan adem lembut nyaman dikulit",5,2025-10-28,Produk-0964,"Hitam,XL"
SHP78252741100,"Bahan:halus dan tidak tembus
Desain:polos putih
Tekstur:lembut

Barang nya cepet banget sampe nya pesen hari Senin Selasa nya udh sampe, awalnya mau batalin pesanan karna takut lama tapi ternyata cepet🥰",5,2025-11-04,Produk-0964,"Putih,M"
SHP78248305181,"Bahan:bagus banget
Desain:modern
Tekstur:lembut

di aku ga ngecrop tpi pas ga kecil ga besar, bagus bangett, recommended sii",5,2025-11-04,Produk-0964,"Hitam,M"
SHP78665146333,"Bahan:lembut
Desain:lucu
Tekstur:nyaman

Bagus, bahan ringan dan nyaman sesuai pesanan, harga terjangkau",5,2025-11-09,Produk-0964,"Hitam,L"
SHP78700595083,"Bahan:lembut gak nerawang
Desain:simpel
Tekstur:lembut

Pas dibadan, bahannya gak tipis enaken, next beli warna lain👍🏻",5,2025-11-10,Produk-0964,"Abu M61,M"
SHP78920697951,"Bahan:kualitasnya sesuai standar
Tekstur:sangat lembut dan nyaman
Desain:imut dan menarik perhatian

baru kali ini nemu kaos yg lucu banget trs bagus banget lagi, soalnya mau dipakai di acara sekolah🎀⭐⭐⭐⭐⭐",5,2025-11-14,Produk-0964,"Putih,L"
SHP79855019832,"Bahan:kaos adem
Desain:lucu
Tekstur:lembut

adem ga panas kaosnya lembut di ukiran L nya.. abu nya ga trlalu gelap ga trlalu terang bagus banget sukaa.. next mau order lagi bahanya meral juga gitu pas banget ..",5,2025-11-27,Produk-0964,"Abu Tua,L"
SHP80405302429,"Bahan:lumayan
Desain:oke
Tekstur:lembut

Pengemasan dan pengiriman cepet. Packaging standar dan aman. Utk barangnya sih sesuai ya size L tp utk BB 48 pas. Sesuai harga",5,2025-12-02,Produk-0964,"Mocca,L"
SHP80755661220,"Bahan:bahan nya adem
Tekstur:sangat lembut & nyaman
Desain:menarik",5,2025-12-05,Produk-0964,"Mocca,L"
SHP81375100259,"Bahan:nyaman dan tidak panas, ringan, untuk olahraga
Tekstur:sangat lembut dan nyaman
Desain:bagus dengan detail menarik

Order pertama size M, fit di badan,
Orderan kedua Krn harga terjangkau dan bahan bagus serta nyaman ini coba size L, ingin lebih longgar, tetap pas dipakai di badan.",5,2025-12-11,Produk-0964,"Khaki,L"
SHP81418955017,"Bahan:adem ringan
Tekstur:nyaman
Desain:baguss cocok bnget di badan

bagus"" kok dengan segituu worth it bangett gaess
nnti beli lagii deh pan kapann",5,2025-12-12,Produk-0964,"Mocca,M"
SHP81833340610,"Bahan:bagus
Tekstur:lembut
Desain:real pict

bagus bgtt dipake nonton konser ga gerahhhh, datangnya cepat sesuai di note makasi seller",5,2025-12-15,Produk-0964,"Abu M61,M"
SHP84557452299,"Bahan:katun
Tekstur:lembut
Desain:cutting belah

Sesuai harga lah lumayan buat ganti ganti
Makasih",5,2026-01-09,Produk-0964,"Mocca,XL"
SHP85382180541,"Bahan:tidak tembus pandang
Tekstur:lembut dan nyaman
Desain:memiliki disen yg menarik

paket baru aja nyampe,bajunya bagus bgt,niat hati mau buat sendiri malah di pake anak gadisku,, resiko punya anak gadis ya begini.. hehee otw co LG🤭🤭",5,2026-01-15,Produk-0964,"Mocca,M"
SHP91747852228,Jelas2 HITAM nympenya MERAH,2,2026-03-12,Produk-1481,"Hitam,M"
SHP95734159145,"alhamdulillah pket dah sampe, pas di badan suka sma baju nya, kaos yg warna terang sedikit nerawang but it’s oke overall good",5,2026-04-14,Produk-0964,"Khaki,M"
SHP95797307530,"Bahan:enakeun
Tekstur:lembut
Desain:suka bagus

Jangan ragu untuk beli di toko ini 
Aku dah beli dua kali alhamdulillah tokonya amanah 
Masya allah berkah sllu dan sehat sllu makasih🙏",5,2026-04-15,Produk-0964,"Hijau Olive,M"
SHP97646385766,Styling:1 kain nya dingin 1 lagi beda,2,2026-05-06,Produk-1481,"Hitam,M"
SHP97775723418,"Kenyamanan:saya beli hitam sama mahogani bahan beda beda ademan yang mahogani, yang hitam jahitan ga rapi kerut di bagian leher, ukuran M kecil banget ngpres banget di badan, tb 153 bb 47, saran min buat bahan konsisten dan jahitan dibuat lebih rapi, jujur sedikit kecewa",2,2026-05-10,Produk-1481,"Hitam,M"
SHP98160011380,"akuu mesennyaa warnaa maroon, tapi dikirimnya warna coklat 😓😓",3,2026-05-14,Produk-1481,"maroon,XL"
SHP98459260102,Jelek bngt pesan warna lain yg dtng warna lain ga bngt lain kali hrus lebih teliti ya sm msa iya beli dua beda bahan bajunya padahl satu toko nyesel bngt belinya,2,2026-05-17,Produk-1481,"mahogany,S"
SHP98736091358,"Bahan:bahan bagus

warna mahagany kok dtgnya lebih ke wrna coksu si",3,2026-05-19,Produk-1481,"mahogany,XL"
SHP98874945620,Bahan:bagus tapi koyak,3,2026-05-20,Produk-1481,"mahogany,M"
SHP98999656144,"Bahan:bahan baju warna coklatnya halus

Halo kak kenapa ya chat aku gak di balas kecewa sedikit pesannya warna putih 1 dan coklat tapi yang dikirim warna hitam🥹
Semoga kedepannya lebih teliti lagi ya dan sebenarnya yang paling kubutuh itu yang warna putih tapi ya sudah lah",1,2026-05-21,Produk-1481,"mahogany,M"
SHP99165598696,Bahan:ada robek,2,2026-05-28,Produk-1481,"Hitam,S"
SHP100434520083,GUA CHT GA DI BALES BARANG RUSAK BOLONG” NIAT JUALAN GASI HARGA UDH MAU 50rb HARUSNY GA BLONG KAYA GINI DI KSIH BRANG BEKAS GAUSAH BELI DISINI UDH DI CHT DRI SIANG SMPE SKRG TENGAH MLAM GA DI BLS PDHL ONLINE TERUS KOCAKK❗️💩💩💩🤮,1,2026-06-11,Produk-1481,"Hitam,M"
SHP100365162416,Masa packaginya lgsng gini sih kak😞 overall smua bajunya oke,3,2026-06-11,Produk-1481,"Hitam,L"
SHP100495421924,"pesen warna putih, yang dateng malah hitam. Saya sudah nunggu dari beberapa hari lalu, berharap sekarang bisa dipakai. Sangat mengecewakan!",1,2026-06-12,Produk-1481,"Putih,M"
SHP100501877087,"Kenyamanan:nyaman
Bahan:bagus
Desain:oke

Pesan nya 4 warna 
Warna maroon,putih,hitam,dan coklat
Tapi yang datang malah hitam 2 coklat dan maroon yang putih ngga ada",3,2026-06-12,Produk-1481,"mahogany,M"
SHP100537776733,Desain:saya harap pesanan ku di kirim kembli dengn warna sesuai di tunggu!!,2,2026-06-14,Produk-1481,"mahogany,M"
SHP100653031096,Barang yg di kirimkan rusak kecewa bnget,1,2026-06-16,Produk-1481,"Putih,M"
SHP100696712896,"Kenyamanan:nyaman
Bahan:bagus kok
Desain:bagus

Cuman bolong dikitt sayang banget 🥲",3,2026-06-16,Produk-1481,"maroon,M"
SHP101462760140,"Tekstur:ada noda putih2 di baju,tetus saya beli warna mahogany",1,2026-06-21,Produk-1481,"mahogany,S"
SHP101605610896,"Tolong kalo mau kirim di cek dulu dong. 
Overall bagus",3,2026-06-22,Produk-1481,"Hitam,S"
SHP101889462575,"jelek njs psen Mahogany yg dtg item di cht kaga jwb,mksdny apaan dh nysl beli dsni",1,2026-06-24,Produk-1481,"mahogany,M"
SHP102869055011,"Kenyamanan:nyamn sekali di pakai
Bahan:agak tipis TPI dingin bnget sya suka
Desain:desain cukup rapi cocok untuk sehari""",3,2026-07-01,Produk-1481,"Hitam,S"
SHP103096572152,"Kenyamanan:baju bagus
Bahan:bahan adem strecing
Desain:bagus

pink 3, coklat 2, harusnya ini malah sebaliknya aku pesen baju banyak, trus dia salah kirim 1
aku gamasalah dia salah kirim 1, sudah ku komplain cht admin malah gada respon sama sekali, sudah 1 minggu loh nungguin balasan, minimal balas minta maaf atau apa kek, ini malah di cuekin, yg tdi nya mau ikhlasin malah kesel krna seller gada respon samsek.",1,2026-07-02,Produk-1481,"mahogany,L"
SHP103098506420,"Kenyamanan:nyaman+presbody suka
Bahan:bahan tipis
Desain:robek sedikit gtau knp pdhl br dtg",3,2026-07-02,Produk-1481,"Putih,M"
SHP103725035041,"kecewa sih sama toko ini order nya yang warna coklat yang dateng malah warna hitam gk sesuai bangett, padahal sebelum nya saya pernah chekout baju di toko ini dan yang dateng sesuai warna hitam,dan saya chekout ke dua kali nya malah yang dateng warna hitam lagi padahal saya chekout nya warna coklat😕",1,2026-07-06,Produk-1481,"mahogany,S"
SHP104747325346,"Kenyamanan:Nyaman dipakai
Bahan:bahan bagus
Desain:desain cukup rapi

saya ga tau kenapa mungkin ada kesalahan, saya ordernya yang warna putih, tapi yang dateng malah warna hitam",3,2026-07-14,Produk-1481,"Putih,L"
SHP104856249093,"Kenyamanan:robek
Bahan:maaf TPI barang nya robek tdk sesuai
Desain:robek

Lain kali mbak , sebelum peking barang diliat dulu apakah barang yang mau di kirim itu udah sesuai apa gmna ini barang nya robek looo ,tapi nggak papa ini sebagai peringatan aja lain kali jngn kek gini lagi ke kostumer lainx yaa👍🏻",1,2026-07-16,Produk-1481,"mahogany,S"
SHP104846627383,"Yang Mahogany terlalu kecil bukan UK L itu.. aku beli kemaren warna hitam sama maron UK L pas bnget suka, makanya cek out lagi, yg ini pesen warna coksu dan Mahogany, Tpi yg dtang kecil semua 🥹🥹 kecewa bnget si aku huhuhu😭😭😭",3,2026-07-16,Produk-1481,"mahogany,L"
SHP104917855270,"Pesan UK L malah kecil bgt . Buat di anak Usia 7 tahun . Nyesel belinya , barangnya mahal . Tidak sesuai di foto""",1,2026-07-17,Produk-1481,"Hitam,L"
SHP104937773020,"pesen warna putih di kirim warna hitam, fyi yg di vid itu bukan bajunya soalnya lagi di laundry. tapi jujur yg di kirim warna hitam padahal pesan warna putih, di desk paketnya juga tertera warna putih , tapi yang di kirim warna hitam. mengubah warna tanpa ada pemberitahuan terlebih dahulu.",1,2026-07-17,Produk-1481,"Putih,L"
SHP104921825927,"packing lama, yg dikirim jg salah, seller no respon bad bgt",1,2026-07-17,Produk-1481,"Putih,L"
SHP104951914647,"Kenyamanan:pres
Bahan:dingin
Desain:rapi",3,2026-07-18,Produk-1481,"Putih,S"
SHP104976158270,"Kenyamanan:nyaman
Bahan:bagus
Desain:bagus

padahal bagus bahannya tp dpet barang zonk",1,2026-07-19,Produk-1481,"mahogany,S"
SHP105019965254,Kenyamanan:gak nyaman karena ada bekas rokok,1,2026-07-22,Produk-1481,"Putih,M"
SHP105062539219,"Kenyamanan:bagus nyamanan ajaa

barang nya belum aku liat jelas cumaa dari plastik nya udah robek pas baru dateng",2,2026-07-24,Produk-1481,"mahogany,XL"
SHP105065412852,lain kali lebih teliti lagi ya☺️,2,2026-07-24,Produk-1481,"Hitam,S"
SHP105077455202,"Kenyamanan:cocok untuk dirumah
Bahan:Adem
Desain:menarik cm tembus pandang 😁",1,2026-07-25,Produk-1481,"Putih,L"
SHP105094537334,Sudah brpa kali di krim ga sesuai ukurn yg di pesan,2,2026-07-26,Produk-1481,"Hitam,XL"
SHP105552531687,Tidak sesuai pesanan yang di pesan 2 yang datang satu,3,2026-07-29,Produk-1481,"maroon,L"
SHP105682119824,"jahitan belum selesai di kirim!! HADEHHHHHH!!! lain kali kalo jualan yang amanah,  barang reject dikirim! iya si ada harga ada kualitas tapi eman juga beli dngn harga 40rb an tapi barangnya kayak gini!!!!",2,2026-07-30,Produk-1481,"Abu-abu,S"
SHP106145610428,"Kenyamanan:nyaman
Tekstur:pas
Desain:oke

ada bagian yg koyak dan itu agak besar padahal mau di pakek hari ini",3,2026-08-02,Produk-1481,"Abu-abu,S"
SHP106211891631,"Kenyamanan:kurang

beli baju baru dikasih baju bolong,mana ga cuma 1 lagi bolongnya",1,2026-08-03,Produk-1481,"maroon,S"
SHP106400059858,"Kenyamanan:td tau
Tekstur:licin
Desain:b aj

Terawang bgt minta hitam dkirim putih! Tokony g amanah",1,2026-08-04,Produk-1481,"Hitam,XL"
SHP106395526726,Desain:mesan nya mahogany malah yg dikirim warna lain,2,2026-08-04,Produk-1481,"mahogany,L"
SHP106356975439,Kecewa baju nya bolong,2,2026-08-04,Produk-1481,"mahogany,L"
SHP106709811654,pesan warna pink yang dateng malah warna coklat,1,2026-08-06,Produk-1481,"Dusty Pink,S"
SHP106958175480,"Kenyamanan:lembut cuma mines bukan warna yg aku mau
Tekstur:bahannya kaos ga gerah juga enak ko tp -bukan warna yang aku mau

Ini tokohnya ga merhatiin kah pembelinya warna apa?,dikira kita ga beli pakai uang?,kan kita bayar kocak minimal ada tanggung jawabnya lah",3,2026-08-08,Produk-1481,"Dusty Pink,S"
SHP107012810938,"Kenyamanan:enak
Tekstur:meral
Desain:ok

Jujur warna ny ga sesuai ekspetasi ak, ini warna nya aga ke ungu' an gtu bukan pink muda..",3,2026-08-09,Produk-1481,"Dusty Pink,M"
